title,price,location,bedrooms,listing_url,scraped_at,log_price,bed_bath_ratio,tier,tier_Premium
2 Bed Apartment with En Suite in Lavington,6000000.0,Lavington,2,https://www.buyrentkenya.com/listings/2-bedroom-apartment-for-sale-lavington-4017869,2026-06-26T20:34:07.263422,15.60727002719233,1.0,Mid,0
3 Bed Apartment with En Suite in Westlands Area,12000000.0,Westlands,3,https://www.buyrentkenya.com/listings/3-bedroom-apartment-for-sale-westlands-area-4017149,2026-06-26T20:34:07.349531,16.300417207752275,1.0,Premium,1
1 Bed Apartment with En Suite in Westlands Area,4000000.0,Westlands,1,https://www.buyrentkenya.com/listings/1-bedroom-apartment-for-sale-westlands-area-4017176,2026-06-26T20:34:07.429197,15.201804919084164,1.0,Premium,1
2 Bed Apartment with En Suite in Parklands,12900000.0,Parklands,2,https://www.buyrentkenya.com/listings/2-bedroom-apartment-for-sale-parklands-4017917,2026-06-26T20:34:07.509555,16.3727378693319,1.0,Mid,0
4 Bed Apartment with En Suite in Kilimani,13000000.0,Kilimani,4,https://www.buyrentkenya.com/listings/4-bedroom-apartment-for-sale-kilimani-4015648,2026-06-26T20:34:07.593080,16.38045991542581,1.0,Mid,0
4 Bed Apartment with En Suite in Kilimani,13000000.0,Kilimani,4,https://www.buyrentkenya.com/listings/4-bedroom-apartment-for-sale-kilimani-4016107,2026-06-26T20:34:07.673429,16.38045991542581,1.0,Mid,0
2 Bed Apartment with En Suite in Lavington,6000000.0,Lavington,2,https://www.buyrentkenya.com/listings/2-bedroom-apartment-for-sale-lavington-4012213,2026-06-26T20:34:39.747774,15.60727002719233,2.0,Mid,0
1 Bed Apartment with En Suite in Parklands,7800000.0,Parklands,1,https://www.buyrentkenya.com/listings/1-bedroom-apartment-for-sale-parklands-4017908,2026-06-26T20:34:40.100060,15.86963429165982,1.0,Mid,0
4 Bed Apartment with En Suite in Kileleshwa,20000000.0,Kileleshwa,4,https://www.buyrentkenya.com/listings/4-bedroom-apartment-for-sale-kileleshwa-4017910,2026-06-26T20:34:40.188286,16.811242831518264,0.8,Mid,0
4 Bed Apartment with En Suite in Kileleshwa,13000000.0,Kileleshwa,4,https://www.buyrentkenya.com/listings/4-bedroom-apartment-for-sale-kileleshwa-4017909,2026-06-26T20:34:40.276718,16.38045991542581,0.8,Mid,0
2 Bed Apartment with En Suite in Kilimani,6000000.0,Kilimani,2,https://www.buyrentkenya.com/listings/2-bedroom-apartment-for-sale-kilimani-4011957,2026-06-26T20:35:13.359465,15.60727002719233,2.0,Mid,0
4 Bed Apartment with En Suite in Westlands Area,18000000.0,Westlands,4,https://www.buyrentkenya.com/listings/4-bedroom-apartment-for-sale-westlands-area-4012160,2026-06-26T20:35:13.441363,16.70588231586044,1.0,Premium,1
2 Bed Apartment with En Suite in Lavington,6000000.0,Lavington,2,https://www.buyrentkenya.com/listings/2-bedroom-apartment-for-sale-lavington-4015296,2026-06-26T20:35:13.558671,15.60727002719233,2.0,Mid,0
1 Bed Apartment with En Suite in Kileleshwa,4000000.0,Kileleshwa,1,https://www.buyrentkenya.com/listings/1-bedroom-apartment-for-sale-kileleshwa-4017898,2026-06-26T20:35:13.664427,15.201804919084164,1.0,Mid,0
2 Bed Apartment with En Suite at Mtito Andei Road,9600000.0,Kilimani,2,https://www.buyrentkenya.com/listings/2-bedroom-apartment-for-sale-kilimani-4017876,2026-06-26T20:35:13.757626,16.077273656438063,1.0,Mid,0
2 Bed Apartment with En Suite at Mombasa Rd,7400000.0,Syokimau,2,https://www.buyrentkenya.com/listings/2-bedroom-apartment-for-sale-syokimau-4017879,2026-06-26T20:35:13.838077,15.816990558174398,1.0,Mid,0
2 Bed Apartment with En Suite at Eldama Ravine Rd,10100000.0,Westlands,2,https://www.buyrentkenya.com/listings/2-bedroom-apartment-for-sale-westlands-area-4017881,2026-06-26T20:35:13.915531,16.12804598181149,1.0,Premium,1
3 Bed Apartment with En Suite in Lavington,9000000.0,Lavington,3,https://www.buyrentkenya.com/listings/3-bedroom-apartment-for-sale-lavington-4013971,2026-06-26T20:35:44.471580,16.012735135300492,1.0,Mid,0
3 Bed Apartment with En Suite in Kileleshwa,10000000.0,Kileleshwa,3,https://www.buyrentkenya.com/listings/3-bedroom-apartment-for-sale-kileleshwa-4012150,2026-06-26T20:35:44.552367,16.11809565095832,1.5,Mid,0
4 Bed Apartment with En Suite in Lavington,13000000.0,Lavington,4,https://www.buyrentkenya.com/listings/4-bedroom-apartment-for-sale-lavington-4015351,2026-06-26T20:35:44.629023,16.38045991542581,0.8,Mid,0
1 Bed Apartment with En Suite in Lavington,4000000.0,Lavington,1,https://www.buyrentkenya.com/listings/1-bedroom-apartment-for-sale-lavington-4017883,2026-06-26T20:35:44.707688,15.201804919084164,1.0,Mid,0
4 Bed Apartment with En Suite in Westlands Area,17900000.0,Westlands,4,https://www.buyrentkenya.com/listings/4-bedroom-apartment-for-sale-westlands-area-4017192,2026-06-26T20:35:44.784284,16.70031127081098,1.0,Premium,1
2 Bed Apartment with En Suite in Westlands Area,7000000.0,Westlands,2,https://www.buyrentkenya.com/listings/2-bedroom-apartment-for-sale-westlands-area-4017181,2026-06-26T20:35:44.862557,15.761420707019589,1.0,Premium,1
1 Bed Apartment with En Suite in Westlands Area,4000000.0,Westlands,1,https://www.buyrentkenya.com/listings/1-bedroom-apartment-for-sale-westlands-area-4017175,2026-06-26T20:35:44.940106,15.201804919084164,1.0,Premium,1
4 Bed Apartment with En Suite at Zambia Road,18700000.0,Other,4,https://www.buyrentkenya.com/listings/4-bedroom-apartment-for-sale-ngong-3942040,2026-06-26T20:36:16.539079,16.744034081824815,0.8,Mid,0
2 Bed Apartment with En Suite in Westlands Area,7000000.0,Westlands,2,https://www.buyrentkenya.com/listings/2-bedroom-apartment-for-sale-westlands-area-4013963,2026-06-26T20:36:16.625447,15.761420707019589,1.0,Premium,1
4 Bed Apartment with En Suite at Githunguri Road,26000000.0,Kileleshwa,4,https://www.buyrentkenya.com/listings/4-bedroom-apartment-for-sale-kileleshwa-4009213,2026-06-26T20:36:16.731331,17.073607095985757,0.8,Mid,0
1 Bed Apartment with En Suite in Kileleshwa,3000000.0,Kileleshwa,1,https://www.buyrentkenya.com/listings/1-bedroom-apartment-for-sale-kileleshwa-4017814,2026-06-26T20:36:16.817586,14.914122846632385,1.0,Mid,0
1 Bed Apartment with En Suite in Kilimani,3000000.0,Kilimani,1,https://www.buyrentkenya.com/listings/1-bedroom-apartment-for-sale-kilimani-4017813,2026-06-26T20:36:16.925305,14.914122846632385,1.0,Mid,0
3 Bed Apartment with En Suite in Lavington,10500000.0,Lavington,3,https://www.buyrentkenya.com/listings/3-bedroom-apartment-for-sale-lavington-4017861,2026-06-26T20:36:17.003721,16.166885815127753,1.0,Mid,0
1 Bed Apartment with En Suite in Lavington,4000000.0,Lavington,1,https://www.buyrentkenya.com/listings/1-bedroom-apartment-for-sale-lavington-4017859,2026-06-26T20:36:17.082242,15.201804919084164,1.0,Mid,0
3 Bed Apartment with En Suite in Kileleshwa,9000000.0,Kileleshwa,3,https://www.buyrentkenya.com/listings/3-bedroom-apartment-for-sale-kileleshwa-4015371,2026-06-26T20:36:49.028173,16.012735135300492,1.0,Mid,0
3 Bed Apartment with En Suite at 2Nd Parklands,38000000.0,Parklands,3,https://www.buyrentkenya.com/listings/3-bedroom-apartment-for-sale-parklands-4014620,2026-06-26T20:36:49.113767,17.45309671769066,1.0,Mid,0
2 Bed Apartment with En Suite in Kileleshwa,7000000.0,Kileleshwa,2,https://www.buyrentkenya.com/listings/2-bedroom-apartment-for-sale-kileleshwa-4015250,2026-06-26T20:36:49.193917,15.761420707019589,1.0,Mid,0
1 Bed Apartment with En Suite in Westlands Area,5500000.0,Westlands,1,https://www.buyrentkenya.com/listings/1-bedroom-apartment-for-sale-westlands-area-4016813,2026-06-26T20:36:49.274098,15.5202586502027,0.5,Premium,1
2 Bed Apartment with En Suite in Westlands Area,9000000.0,Westlands,2,https://www.buyrentkenya.com/listings/2-bedroom-apartment-for-sale-westlands-area-4016809,2026-06-26T20:36:49.351414,16.012735135300492,0.6666666666666666,Premium,1
1 Bed Apartment with En Suite in Westlands Area,7000000.0,Westlands,1,https://www.buyrentkenya.com/listings/1-bedroom-apartment-for-sale-westlands-area-4016802,2026-06-26T20:36:49.432146,15.761420707019589,0.5,Premium,1
1 Bed Apartment with En Suite in Westlands Area,5000000.0,Westlands,1,https://www.buyrentkenya.com/listings/1-bedroom-apartment-for-sale-westlands-area-4017445,2026-06-26T20:36:49.509097,15.424948470398377,0.5,Premium,1
1 Bed Apartment with En Suite in Westlands Area,4000000.0,Westlands,1,https://www.buyrentkenya.com/listings/1-bedroom-apartment-for-sale-westlands-area-4013959,2026-06-26T20:37:20.081053,15.201804919084164,1.0,Premium,1
4 Bed Apartment with En Suite in Lavington,13500000.0,Lavington,4,https://www.buyrentkenya.com/listings/4-bedroom-apartment-for-sale-lavington-4012159,2026-06-26T20:37:20.163088,16.41820024340866,1.0,Mid,0
3 Bed Apartment with En Suite in Kileleshwa,29000000.0,Kileleshwa,3,https://www.buyrentkenya.com/listings/3-bedroom-apartment-for-sale-kileleshwa-4011433,2026-06-26T20:37:20.241363,17.182806387950748,0.75,Mid,0
2 Bed Apartment with En Suite in Kilimani,10900000.0,Kilimani,2,https://www.buyrentkenya.com/listings/2-bedroom-apartment-for-sale-kilimani-4017795,2026-06-26T20:37:20.319759,16.204273347199372,1.0,Mid,0
1 Bed Apartment with En Suite in Kilimani,8000000.0,Kilimani,1,https://www.buyrentkenya.com/listings/1-bedroom-apartment-for-sale-kilimani-4017792,2026-06-26T20:37:20.397810,15.89495209964411,1.0,Mid,0
Studio Apartment with En Suite in Kilimani,4900000.0,Kilimani,2,https://www.buyrentkenya.com/listings/studio-apartment-for-sale-kilimani-4017783,2026-06-26T20:37:20.468223,15.404745763080856,2.0,Mid,0
Serviced 3 Bed Apartment with En Suite in Kileleshwa,31000000.0,Kileleshwa,3,https://www.buyrentkenya.com/listings/furnished-3-bedroom-apartment-for-sale-kileleshwa-4003610,2026-06-26T20:37:51.993638,17.24949776244942,0.75,Mid,0
3 Bed Apartment with En Suite in Kileleshwa,9000000.0,Kileleshwa,3,https://www.buyrentkenya.com/listings/3-bedroom-apartment-for-sale-kileleshwa-4010488,2026-06-26T20:37:52.083923,16.012735135300492,1.0,Mid,0
1 Bed Apartment with En Suite in Kilimani,3000000.0,Kilimani,1,https://www.buyrentkenya.com/listings/1-bedroom-apartment-for-sale-kilimani-4015157,2026-06-26T20:37:52.154891,14.914122846632385,0.5,Mid,0
3 Bed Apartment with En Suite in Westlands Area,13000000.0,Westlands,3,https://www.buyrentkenya.com/listings/3-bedroom-apartment-for-sale-westlands-area-4017747,2026-06-26T20:37:52.233984,16.38045991542581,1.5,Premium,1
1 Bed Apartment with En Suite in Westlands Area,4000000.0,Westlands,1,https://www.buyrentkenya.com/listings/1-bedroom-apartment-for-sale-westlands-area-4017745,2026-06-26T20:37:52.312739,15.201804919084164,1.0,Premium,1
4 Bed Apartment with En Suite in Lavington,13500000.0,Lavington,4,https://www.buyrentkenya.com/listings/4-bedroom-apartment-for-sale-lavington-4017744,2026-06-26T20:37:52.390403,16.41820024340866,1.0,Mid,0
4 Bed Apartment with En Suite in Kileleshwa,13500000.0,Kileleshwa,4,https://www.buyrentkenya.com/listings/4-bedroom-apartment-for-sale-kileleshwa-4017743,2026-06-26T20:37:52.471895,16.41820024340866,1.0,Mid,0
3 Bed Apartment with En Suite at Othaya Road,25000000.0,Lavington,3,https://www.buyrentkenya.com/listings/3-bedroom-apartment-for-sale-lavington-4012087,2026-06-26T20:38:23.805812,17.034386382832476,0.75,Mid,0
2 Bed Apartment with En Suite in Kileleshwa,6000000.0,Kileleshwa,2,https://www.buyrentkenya.com/listings/2-bedroom-apartment-for-sale-kileleshwa-4011960,2026-06-26T20:38:23.885043,15.60727002719233,2.0,Mid,0
2 Bed Apartment with En Suite in Kileleshwa,7000000.0,Kileleshwa,2,https://www.buyrentkenya.com/listings/2-bedroom-apartment-for-sale-kileleshwa-4017726,2026-06-26T20:38:23.963952,15.761420707019589,1.0,Mid,0
2 Bed Apartment with En Suite in Kileleshwa,7000000.0,Kileleshwa,2,https://www.buyrentkenya.com/listings/2-bedroom-apartment-for-sale-kileleshwa-4017725,2026-06-26T20:38:24.042300,15.761420707019589,1.0,Mid,0
1 Bed Apartment with En Suite in Kileleshwa,4000000.0,Kileleshwa,1,https://www.buyrentkenya.com/listings/1-bedroom-apartment-for-sale-kileleshwa-4017721,2026-06-26T20:38:24.120685,15.201804919084164,1.0,Mid,0
1 Bed Apartment with En Suite in Kileleshwa,4000000.0,Kileleshwa,1,https://www.buyrentkenya.com/listings/1-bedroom-apartment-for-sale-kileleshwa-4017720,2026-06-26T20:38:24.200895,15.201804919084164,1.0,Mid,0
4 Bed Apartment with En Suite in Lavington,13000000.0,Lavington,4,https://www.buyrentkenya.com/listings/4-bedroom-apartment-for-sale-lavington-4009419,2026-06-26T20:38:55.535510,16.38045991542581,0.8,Mid,0
1 Bed Apartment with En Suite in Lavington,3000000.0,Lavington,1,https://www.buyrentkenya.com/listings/1-bedroom-apartment-for-sale-lavington-4008201,2026-06-26T20:38:55.617474,14.914122846632385,1.0,Mid,0
1 Bed Apartment with En Suite in Kileleshwa,3000000.0,Kileleshwa,1,https://www.buyrentkenya.com/listings/1-bedroom-apartment-for-sale-kileleshwa-4008561,2026-06-26T20:38:55.697182,14.914122846632385,1.0,Mid,0
3 Bed Apartment with En Suite in Westlands Area,13000000.0,Westlands,3,https://www.buyrentkenya.com/listings/3-bedroom-apartment-for-sale-westlands-area-4017687,2026-06-26T20:38:55.777402,16.38045991542581,1.5,Premium,1
3 Bed Apartment with En Suite in Lavington,10000000.0,Lavington,3,https://www.buyrentkenya.com/listings/3-bedroom-apartment-for-sale-lavington-4017686,2026-06-26T20:38:55.855675,16.11809565095832,1.5,Mid,0
3 Bed Apartment with En Suite in Kileleshwa,10000000.0,Kileleshwa,3,https://www.buyrentkenya.com/listings/3-bedroom-apartment-for-sale-kileleshwa-4017685,2026-06-26T20:38:55.934730,16.11809565095832,1.5,Mid,0
1 Bed Apartment with En Suite in Westlands Area,9500000.0,Westlands,1,https://www.buyrentkenya.com/listings/1-bedroom-apartment-for-sale-westlands-area-4017703,2026-06-26T20:38:56.018024,16.06680235657077,1.0,Premium,1
4 Bed Apartment with En Suite in Westlands Area,17900000.0,Westlands,4,https://www.buyrentkenya.com/listings/4-bedroom-apartment-for-sale-westlands-area-4007837,2026-06-26T20:39:27.961521,16.70031127081098,1.0,Premium,1
2 Bed Apartment with En Suite in Kileleshwa,6000000.0,Kileleshwa,2,https://www.buyrentkenya.com/listings/2-bedroom-apartment-for-sale-kileleshwa-4010046,2026-06-26T20:39:28.044825,15.60727002719233,1.0,Mid,0
1 Bed Apartment with Swimming Pool in Kitisuru,4500000.0,Kitisuru,1,https://www.buyrentkenya.com/listings/1-bedroom-apartment-for-sale-kitisuru-3985144,2026-06-26T20:39:28.125239,15.319587954740548,1.0,Mid,0
4 Bed Apartment with En Suite in Westlands Area,17900000.0,Westlands,4,https://www.buyrentkenya.com/listings/4-bedroom-apartment-for-sale-westlands-area-4017652,2026-06-26T20:39:28.204572,16.70031127081098,1.0,Premium,1
4 Bed Apartment with En Suite in Westlands Area,17900000.0,Westlands,4,https://www.buyrentkenya.com/listings/4-bedroom-apartment-for-sale-westlands-area-4017651,2026-06-26T20:39:28.282817,16.70031127081098,1.0,Premium,1
3 Bed Apartment with En Suite in Westlands Area,11000000.0,Westlands,3,https://www.buyrentkenya.com/listings/3-bedroom-apartment-for-sale-westlands-area-4017647,2026-06-26T20:39:28.360007,16.213405830762646,1.0,Premium,1
3 Bed Apartment with En Suite in Westlands Area,11000000.0,Westlands,3,https://www.buyrentkenya.com/listings/3-bedroom-apartment-for-sale-westlands-area-4017642,2026-06-26T20:39:28.441977,16.213405830762646,1.0,Premium,1
Serviced Studio Apartment with Gym in Kilimani,6400000.0,Kilimani,2,https://www.buyrentkenya.com/listings/furnished-studio-apartment-for-sale-kilimani-3938986,2026-06-26T20:39:59.367842,15.6718085483299,2.0,Mid,0
2 Bed Apartment with En Suite in Kileleshwa,6000000.0,Kileleshwa,2,https://www.buyrentkenya.com/listings/2-bedroom-apartment-for-sale-kileleshwa-3990576,2026-06-26T20:39:59.448678,15.60727002719233,1.0,Mid,0
1 Bed Apartment with En Suite in Lavington,4000000.0,Lavington,1,https://www.buyrentkenya.com/listings/1-bedroom-apartment-for-sale-lavington-4017618,2026-06-26T20:39:59.542939,15.201804919084164,1.0,Mid,0
1 Bed Apartment with En Suite in Lavington,4000000.0,Lavington,1,https://www.buyrentkenya.com/listings/1-bedroom-apartment-for-sale-lavington-4017617,2026-06-26T20:39:59.622546,15.201804919084164,1.0,Mid,0
Studio Apartment with En Suite in South B,3230000.0,South B,1,https://www.buyrentkenya.com/listings/studio-apartment-for-sale-south-b-4017668,2026-06-26T20:39:59.693917,14.98799269519884,1.0,Mid,0
4 Bed Apartment with En Suite in Westlands Area,18000000.0,Westlands,4,https://www.buyrentkenya.com/listings/4-bedroom-apartment-for-sale-westlands-area-4017659,2026-06-26T20:39:59.775245,16.70588231586044,1.0,Premium,1
2 Bed Apartment with Swimming Pool in Kilimani,7000000.0,Kilimani,2,https://www.buyrentkenya.com/listings/2-bedroom-apartment-for-sale-kilimani-3985963,2026-06-26T20:40:31.006026,15.761420707019589,0.6666666666666666,Mid,0
2 Bed Apartment with En Suite in Kilimani,6000000.0,Kilimani,2,https://www.buyrentkenya.com/listings/2-bedroom-apartment-for-sale-kilimani-4009949,2026-06-26T20:40:31.088693,15.60727002719233,1.0,Mid,0
3 Bed Apartment with En Suite at Rhapta Road,14000000.0,Westlands,3,https://www.buyrentkenya.com/listings/3-bedroom-apartment-for-sale-westlands-area-3974783,2026-06-26T20:40:31.167624,16.454567887579532,1.0,Premium,1
1 Bed Apartment with En Suite in Kileleshwa,3000000.0,Kileleshwa,1,https://www.buyrentkenya.com/listings/1-bedroom-apartment-for-sale-kileleshwa-4017584,2026-06-26T20:40:31.246931,14.914122846632385,1.0,Mid,0
4 Bed Apartment with En Suite in Kilimani,13500000.0,Kilimani,4,https://www.buyrentkenya.com/listings/4-bedroom-apartment-for-sale-kilimani-4017592,2026-06-26T20:40:31.324378,16.41820024340866,1.0,Mid,0
3 Bed Apartment with En Suite in Lavington,10000000.0,Lavington,3,https://www.buyrentkenya.com/listings/3-bedroom-apartment-for-sale-lavington-4017591,2026-06-26T20:40:31.405772,16.11809565095832,1.5,Mid,0
3 Bed Apartment with En Suite in Kileleshwa,10000000.0,Kileleshwa,3,https://www.buyrentkenya.com/listings/3-bedroom-apartment-for-sale-kileleshwa-4017590,2026-06-26T20:40:31.484128,16.11809565095832,1.5,Mid,0
3 Bed Apartment in Parklands,37500000.0,Parklands,3,https://www.buyrentkenya.com/listings/3-bedroom-apartment-for-sale-parklands-3948081,2026-06-26T20:41:01.158075,17.43985149094064,1.5,Mid,0
2 Bed Apartment with En Suite in Riverside,14000000.0,Westlands,2,https://www.buyrentkenya.com/listings/2-bedroom-apartment-for-sale-riverside-3978751,2026-06-26T20:41:01.251763,16.454567887579532,1.0,Premium,1
3 Bed Apartment with En Suite in Lavington,13600000.0,Lavington,3,https://www.buyrentkenya.com/listings/3-bedroom-apartment-for-sale-lavington-3938189,2026-06-26T20:41:01.330090,16.42558035070628,1.0,Mid,0
1 Bed Apartment with En Suite in Kileleshwa,6400000.0,Kileleshwa,1,https://www.buyrentkenya.com/listings/1-bedroom-apartment-for-sale-kileleshwa-4017576,2026-06-26T20:41:01.408643,15.6718085483299,1.0,Mid,0
1 Bed Apartment with En Suite in Kilimani,6000000.0,Kilimani,1,https://www.buyrentkenya.com/listings/1-bedroom-apartment-for-sale-kilimani-4017566,2026-06-26T20:41:01.501174,15.60727002719233,1.0,Mid,0
1 Bed Apartment with En Suite in Kileleshwa,4000000.0,Kileleshwa,1,https://www.buyrentkenya.com/listings/1-bedroom-apartment-for-sale-kileleshwa-4017571,2026-06-26T20:41:01.606431,15.201804919084164,1.0,Mid,0
1 Bed Apartment with En Suite in Kileleshwa,5700000.0,Kileleshwa,1,https://www.buyrentkenya.com/listings/1-bedroom-apartment-for-sale-kileleshwa-4017569,2026-06-26T20:41:01.685630,15.555976732804778,1.0,Mid,0
4 Bed Apartment with En Suite at Jalaram Road,26300000.0,Westlands,4,https://www.buyrentkenya.com/listings/4-bedroom-apartment-for-sale-westlands-area-2-3856555,2026-06-26T20:41:33.155814,17.085079497147994,1.0,Premium,1
3 Bed Apartment with En Suite in Kilimani,9000000.0,Kilimani,3,https://www.buyrentkenya.com/listings/3-bedroom-apartment-for-sale-kilimani-4017517,2026-06-26T20:41:33.233059,16.012735135300492,1.0,Mid,0
3 Bed Apartment with En Suite in Kilimani,10500000.0,Kilimani,3,https://www.buyrentkenya.com/listings/3-bedroom-apartment-for-sale-kilimani-4017515,2026-06-26T20:41:33.311376,16.166885815127753,1.0,Mid,0
2 Bed Apartment with En Suite in Kileleshwa,7000000.0,Kileleshwa,2,https://www.buyrentkenya.com/listings/2-bedroom-apartment-for-sale-kileleshwa-4017549,2026-06-26T20:41:33.400682,15.761420707019589,1.0,Mid,0
2 Bed Apartment with En Suite in Kilimani,6000000.0,Kilimani,2,https://www.buyrentkenya.com/listings/2-bedroom-apartment-for-sale-kilimani-4017513,2026-06-26T20:41:33.482517,15.60727002719233,1.0,Mid,0
1 Bed Apartment with Borehole at Sore Road,5450000.0,South B,1,https://www.buyrentkenya.com/listings/1-bedroom-apartment-for-sale-south-b-3761296,2026-06-26T20:42:05.840025,15.511126166639428,1.0,Mid,0
Studio Apartment with Swimming Pool at Wood Avenue,4800000.0,Kilimani,2,https://www.buyrentkenya.com/listings/studio-apartment-for-sale-kilimani-3765713,2026-06-26T20:42:06.008952,15.38412647587812,2.0,Mid,0
3 Bed Apartment with En Suite in Kileleshwa,10000000.0,Kileleshwa,3,https://www.buyrentkenya.com/listings/3-bedroom-apartment-for-sale-kileleshwa-4017525,2026-06-26T20:42:06.095905,16.11809565095832,1.5,Mid,0
3 Bed Apartment with En Suite in Kilimani,10000000.0,Kilimani,3,https://www.buyrentkenya.com/listings/3-bedroom-apartment-for-sale-kilimani-4017523,2026-06-26T20:42:06.182746,16.11809565095832,1.5,Mid,0
4 Bed Apartment with En Suite in Lavington,20000000.0,Lavington,4,https://www.buyrentkenya.com/listings/4-bedroom-apartment-for-sale-lavington-4017545,2026-06-26T20:42:06.270553,16.811242831518264,0.8,Mid,0
2 Bed Apartment with En Suite in Westlands Area,7000000.0,Westlands,2,https://www.buyrentkenya.com/listings/2-bedroom-apartment-for-sale-westlands-area-4017520,2026-06-26T20:42:06.359661,15.761420707019589,2.0,Premium,1
3 Bed Apartment with En Suite in Lavington,10000000.0,Lavington,3,https://www.buyrentkenya.com/listings/3-bedroom-apartment-for-sale-lavington-4017485,2026-06-26T20:42:40.247991,16.11809565095832,1.5,Mid,0
3 Bed Apartment with En Suite in Kileleshwa,10000000.0,Kileleshwa,3,https://www.buyrentkenya.com/listings/3-bedroom-apartment-for-sale-kileleshwa-4017484,2026-06-26T20:42:40.327146,16.11809565095832,1.5,Mid,0
3 Bed Apartment with En Suite in Kilimani,10000000.0,Kilimani,3,https://www.buyrentkenya.com/listings/3-bedroom-apartment-for-sale-kilimani-4017483,2026-06-26T20:42:40.409222,16.11809565095832,1.5,Mid,0
2 Bed Apartment with En Suite in Lavington,6000000.0,Lavington,2,https://www.buyrentkenya.com/listings/2-bedroom-apartment-for-sale-lavington-4017482,2026-06-26T20:42:40.488602,15.60727002719233,2.0,Mid,0
3 Bed Apartment with En Suite at Nyeri Road,16000000.0,Kileleshwa,3,https://www.buyrentkenya.com/listings/3-bedroom-apartment-for-sale-kileleshwa-3667301,2026-06-26T20:43:15.374241,16.588099280204055,1.0,Mid,0
5 Bed Apartment with En Suite at Church Road,35000000.0,Westlands,5,https://www.buyrentkenya.com/listings/5-bedroom-apartment-for-sale-westlands-area-9-3538048,2026-06-26T20:43:15.533530,17.37085861945369,1.25,Premium,1
1 Bed Apartment with En Suite in Lavington,4000000.0,Lavington,1,https://www.buyrentkenya.com/listings/1-bedroom-apartment-for-sale-lavington-4017433,2026-06-26T20:43:15.611599,15.201804919084164,1.0,Mid,0
4 Bed Apartment with En Suite in Lavington,13500000.0,Lavington,4,https://www.buyrentkenya.com/listings/4-bedroom-apartment-for-sale-lavington-4017351,2026-06-26T20:43:15.690120,16.41820024340866,1.0,Mid,0
4 Bed Apartment with En Suite in Kileleshwa,13500000.0,Kileleshwa,4,https://www.buyrentkenya.com/listings/4-bedroom-apartment-for-sale-kileleshwa-4017348,2026-06-26T20:43:15.767170,16.41820024340866,1.0,Mid,0
4 Bed Apartment with En Suite in Kilimani,13500000.0,Kilimani,4,https://www.buyrentkenya.com/listings/4-bedroom-apartment-for-sale-kilimani-4017345,2026-06-26T20:43:15.847123,16.41820024340866,1.0,Mid,0
1 Bed Apartment with En Suite in Lavington,4000000.0,Lavington,1,https://www.buyrentkenya.com/listings/1-bedroom-apartment-for-sale-lavington-4017417,2026-06-26T20:43:49.174871,15.201804919084164,1.0,Mid,0
4 Bed Apartment with En Suite in Kilimani,13000000.0,Kilimani,4,https://www.buyrentkenya.com/listings/4-bedroom-apartment-for-sale-kilimani-4017414,2026-06-26T20:43:49.254472,16.38045991542581,1.0,Mid,0
1 Bed Apartment with En Suite in Lavington,4000000.0,Lavington,1,https://www.buyrentkenya.com/listings/1-bedroom-apartment-for-sale-lavington-4017415,2026-06-26T20:43:49.334706,15.201804919084164,1.0,Mid,0
3 Bed Apartment with En Suite in Kilimani,9000000.0,Kilimani,3,https://www.buyrentkenya.com/listings/3-bedroom-apartment-for-sale-kilimani-4017413,2026-06-26T20:43:49.413131,16.012735135300492,1.0,Mid,0
3 Bed Apartment with En Suite in Kilimani,10500000.0,Kilimani,3,https://www.buyrentkenya.com/listings/3-bedroom-apartment-for-sale-kilimani-4017412,2026-06-26T20:43:49.496848,16.166885815127753,1.0,Mid,0
2 Bed Apartment with En Suite in Kilimani,6000000.0,Kilimani,2,https://www.buyrentkenya.com/listings/2-bedroom-apartment-for-sale-kilimani-4017409,2026-06-26T20:43:49.574487,15.60727002719233,1.0,Mid,0
1 Bed Apartment with En Suite in Westlands Area,4500000.0,Westlands,1,https://www.buyrentkenya.com/listings/1-bedroom-apartment-for-sale-westlands-area-4017376,2026-06-26T20:44:20.873812,15.319587954740548,1.0,Premium,1
4 Bed Apartment with En Suite in Westlands Area,18000000.0,Westlands,4,https://www.buyrentkenya.com/listings/4-bedroom-apartment-for-sale-westlands-area-4017315,2026-06-26T20:44:20.967487,16.70588231586044,1.0,Premium,1
3 Bed Apartment with En Suite in Westlands Area,13000000.0,Westlands,3,https://www.buyrentkenya.com/listings/3-bedroom-apartment-for-sale-westlands-area-4017314,2026-06-26T20:44:21.057015,16.38045991542581,1.5,Premium,1
2 Bed Apartment with En Suite in Westlands Area,7000000.0,Westlands,2,https://www.buyrentkenya.com/listings/2-bedroom-apartment-for-sale-westlands-area-4017313,2026-06-26T20:44:21.134843,15.761420707019589,2.0,Premium,1
1 Bed Apartment with En Suite in Westlands Area,4000000.0,Westlands,1,https://www.buyrentkenya.com/listings/1-bedroom-apartment-for-sale-westlands-area-4017312,2026-06-26T20:44:21.213018,15.201804919084164,1.0,Premium,1
4 Bed Apartment with En Suite in Kileleshwa,13500000.0,Kileleshwa,4,https://www.buyrentkenya.com/listings/4-bedroom-apartment-for-sale-kileleshwa-4017310,2026-06-26T20:44:21.292593,16.41820024340866,1.0,Mid,0
4 Bed Apartment with En Suite in Lavington,13500000.0,Lavington,4,https://www.buyrentkenya.com/listings/4-bedroom-apartment-for-sale-lavington-4017311,2026-06-26T20:44:21.370786,16.41820024340866,1.0,Mid,0
2 Bed Apartment with En Suite in Westlands Area,7000000.0,Westlands,2,https://www.buyrentkenya.com/listings/2-bedroom-apartment-for-sale-westlands-area-4017333,2026-06-26T20:44:50.526895,15.761420707019589,2.0,Premium,1
2 Bed Apartment with En Suite in Kileleshwa,6000000.0,Kileleshwa,2,https://www.buyrentkenya.com/listings/2-bedroom-apartment-for-sale-kileleshwa-4017332,2026-06-26T20:44:50.609305,15.60727002719233,2.0,Mid,0
2 Bed Apartment with En Suite in Kilimani,6000000.0,Kilimani,2,https://www.buyrentkenya.com/listings/2-bedroom-apartment-for-sale-kilimani-4017328,2026-06-26T20:44:50.688224,15.60727002719233,2.0,Mid,0
1 Bed Apartment with En Suite in Westlands Area,4000000.0,Westlands,1,https://www.buyrentkenya.com/listings/1-bedroom-apartment-for-sale-westlands-area-4017326,2026-06-26T20:44:50.767198,15.201804919084164,1.0,Premium,1
1 Bed Apartment with En Suite in Lavington,3000000.0,Lavington,1,https://www.buyrentkenya.com/listings/1-bedroom-apartment-for-sale-lavington-4017323,2026-06-26T20:44:50.844257,14.914122846632385,1.0,Mid,0
1 Bed Apartment with En Suite in Kileleshwa,3000000.0,Kileleshwa,1,https://www.buyrentkenya.com/listings/1-bedroom-apartment-for-sale-kileleshwa-4017322,2026-06-26T20:44:50.922669,14.914122846632385,1.0,Mid,0
1 Bed Apartment with En Suite in Kilimani,3000000.0,Kilimani,1,https://www.buyrentkenya.com/listings/1-bedroom-apartment-for-sale-kilimani-4017320,2026-06-26T20:44:50.999709,14.914122846632385,1.0,Mid,0
4 Bed Apartment with En Suite in Kilimani,13000000.0,Kilimani,4,https://www.buyrentkenya.com/listings/4-bedroom-apartment-for-sale-kilimani-4017300,2026-06-26T20:45:22.080280,16.38045991542581,1.0,Mid,0
3 Bed Apartment with En Suite in Kilimani,9000000.0,Kilimani,3,https://www.buyrentkenya.com/listings/3-bedroom-apartment-for-sale-kilimani-4017297,2026-06-26T20:45:22.161007,16.012735135300492,1.0,Mid,0
3 Bed Apartment with En Suite in Kilimani,10500000.0,Kilimani,3,https://www.buyrentkenya.com/listings/3-bedroom-apartment-for-sale-kilimani-4017296,2026-06-26T20:45:22.239240,16.166885815127753,1.0,Mid,0
1 Bed Apartment with En Suite in Kilimani,3000000.0,Kilimani,1,https://www.buyrentkenya.com/listings/1-bedroom-apartment-for-sale-kilimani-4017294,2026-06-26T20:45:22.316597,14.914122846632385,1.0,Mid,0
1 Bed Apartment with En Suite in Kilimani,4000000.0,Kilimani,1,https://www.buyrentkenya.com/listings/1-bedroom-apartment-for-sale-kilimani-4017292,2026-06-26T20:45:22.397291,15.201804919084164,1.0,Mid,0
4 Bed Apartment with En Suite in Westlands Area,17900000.0,Westlands,4,https://www.buyrentkenya.com/listings/4-bedroom-apartment-for-sale-westlands-area-4017290,2026-06-26T20:45:22.473417,16.70031127081098,1.0,Premium,1
4 Bed Apartment with En Suite in Westlands Area,17900000.0,Westlands,4,https://www.buyrentkenya.com/listings/4-bedroom-apartment-for-sale-westlands-area-4017287,2026-06-26T20:45:22.550984,16.70031127081098,1.0,Premium,1
2 Bed Apartment with En Suite in Lavington,7500000.0,Lavington,2,https://www.buyrentkenya.com/listings/2-bedroom-apartment-for-sale-lavington-4016890,2026-06-26T20:45:52.411371,15.83041357850654,0.6666666666666666,Mid,0
1 Bed Apartment with En Suite in Lavington,5000000.0,Lavington,1,https://www.buyrentkenya.com/listings/1-bedroom-apartment-for-sale-lavington-4009719,2026-06-26T20:45:52.510243,15.424948470398377,0.5,Mid,0
3 Bed Apartment with En Suite in Kilimani,10000000.0,Kilimani,3,https://www.buyrentkenya.com/listings/3-bedroom-apartment-for-sale-kilimani-4017259,2026-06-26T20:45:52.602946,16.11809565095832,1.5,Mid,0
2 Bed Apartment with En Suite in Westlands Area,7000000.0,Westlands,2,https://www.buyrentkenya.com/listings/2-bedroom-apartment-for-sale-westlands-area-4017254,2026-06-26T20:45:52.693306,15.761420707019589,2.0,Premium,1
2 Bed Apartment with En Suite in Kileleshwa,8500000.0,Kileleshwa,2,https://www.buyrentkenya.com/listings/2-bedroom-apartment-for-sale-kileleshwa-4016878,2026-06-26T20:45:52.770847,15.955576721460544,0.6666666666666666,Mid,0
1 Bed Apartment with En Suite in Kileleshwa,5000000.0,Kileleshwa,1,https://www.buyrentkenya.com/listings/1-bedroom-apartment-for-sale-kileleshwa-4009576,2026-06-26T20:45:52.847891,15.424948470398377,0.5,Mid,0
3 Bed Apartment with En Suite in Kileleshwa,10000000.0,Kileleshwa,3,https://www.buyrentkenya.com/listings/3-bedroom-apartment-for-sale-kileleshwa-4016859,2026-06-26T20:45:52.926742,16.11809565095832,0.75,Mid,0
1 Bed Apartment with En Suite in Kilimani,5900000.0,Kilimani,1,https://www.buyrentkenya.com/listings/1-bedroom-apartment-for-sale-kilimani-4016849,2026-06-26T20:46:23.593799,15.590462908875947,0.5,Mid,0
2 Bed Apartment with En Suite in Kilimani,8000000.0,Kilimani,2,https://www.buyrentkenya.com/listings/2-bedroom-apartment-for-sale-kilimani-4009376,2026-06-26T20:46:23.674593,15.89495209964411,0.6666666666666666,Mid,0
1 Bed Apartment with En Suite in Kilimani,5400000.0,Kilimani,1,https://www.buyrentkenya.com/listings/1-bedroom-apartment-for-sale-kilimani-4009475,2026-06-26T20:46:23.752119,15.501909511534503,0.5,Mid,0
2 Bed Apartment with En Suite in Kilimani,6500000.0,Kilimani,2,https://www.buyrentkenya.com/listings/2-bedroom-apartment-for-sale-kilimani-4016845,2026-06-26T20:46:23.831929,15.687312734865866,0.6666666666666666,Mid,0
1 Bed Apartment with En Suite in Westlands Area,6000000.0,Westlands,1,https://www.buyrentkenya.com/listings/1-bedroom-apartment-for-sale-westlands-area-4016811,2026-06-26T20:46:23.910612,15.60727002719233,0.5,Premium,1
1 Bed Apartment with En Suite in Westlands Area,7000000.0,Westlands,1,https://www.buyrentkenya.com/listings/1-bedroom-apartment-for-sale-westlands-area-4016808,2026-06-26T20:46:23.987352,15.761420707019589,0.5,Premium,1
1 Bed Apartment with En Suite in Westlands Area,6000000.0,Westlands,1,https://www.buyrentkenya.com/listings/1-bedroom-apartment-for-sale-westlands-area-4016804,2026-06-26T20:46:24.065473,15.60727002719233,0.5,Premium,1
2 Bed Apartment with En Suite at Vihiga Road,10800000.0,Kileleshwa,2,https://www.buyrentkenya.com/listings/2-bedroom-apartment-for-sale-kileleshwa-4017208,2026-06-26T20:46:54.985172,16.195056692094447,0.6666666666666666,Mid,0
Furnished 2 Bed Apartment with En Suite in Westlands Area,14200000.0,Westlands,2,https://www.buyrentkenya.com/listings/furnished-2-bedroom-apartment-for-sale-westlands-area-4017199,2026-06-26T20:46:55.065244,16.46875252257149,1.0,Premium,1
4 Bed Apartment with En Suite in Kileleshwa,13000000.0,Kileleshwa,4,https://www.buyrentkenya.com/listings/4-bedroom-apartment-for-sale-kileleshwa-4017207,2026-06-26T20:46:55.142546,16.38045991542581,0.8,Mid,0
1 Bed Apartment with En Suite at Vihiga Road,6000000.0,Kileleshwa,1,https://www.buyrentkenya.com/listings/1-bedroom-apartment-for-sale-kileleshwa-4017202,2026-06-26T20:46:55.219969,15.60727002719233,1.0,Mid,0
3 Bed Apartment with En Suite in Kileleshwa,10500000.0,Kileleshwa,3,https://www.buyrentkenya.com/listings/3-bedroom-apartment-for-sale-kileleshwa-4017205,2026-06-26T20:46:55.299237,16.166885815127753,1.0,Mid,0
2 Bed Apartment with En Suite in Kileleshwa,7000000.0,Kileleshwa,2,https://www.buyrentkenya.com/listings/2-bedroom-apartment-for-sale-kileleshwa-4017204,2026-06-26T20:46:55.375479,15.761420707019589,1.0,Mid,0
1 Bed Apartment with En Suite in Kileleshwa,4000000.0,Kileleshwa,1,https://www.buyrentkenya.com/listings/1-bedroom-apartment-for-sale-kileleshwa-4017203,2026-06-26T20:46:55.453880,15.201804919084164,1.0,Mid,0
1 Bed Apartment with En Suite in Kilimani,3000000.0,Kilimani,1,https://www.buyrentkenya.com/listings/1-bedroom-apartment-for-sale-kilimani-4016347,2026-06-26T20:47:27.054742,14.914122846632385,1.0,Mid,0
2 Bed Apartment with En Suite in Kilimani,6000000.0,Kilimani,2,https://www.buyrentkenya.com/listings/2-bedroom-apartment-for-sale-kilimani-4016350,2026-06-26T20:47:27.140329,15.60727002719233,1.0,Mid,0
3 Bed Apartment with En Suite in Kilimani,9000000.0,Kilimani,3,https://www.buyrentkenya.com/listings/3-bedroom-apartment-for-sale-kilimani-4016352,2026-06-26T20:47:27.220050,16.012735135300492,1.0,Mid,0
2 Bed Apartment with En Suite in Lavington,13200000.0,Lavington,2,https://www.buyrentkenya.com/listings/2-bedroom-apartment-for-sale-lavington-4017102,2026-06-26T20:47:27.297947,16.3957273875566,1.0,Mid,0
1 Bed Apartment with En Suite in Kilimani,15600000.0,Kilimani,1,https://www.buyrentkenya.com/listings/1-bedroom-apartment-for-sale-kilimani-4017096,2026-06-26T20:47:27.368770,16.562781472219765,0.5,Mid,0
1 Bed Apartment with En Suite in Kileleshwa,5000000.0,Kileleshwa,1,https://www.buyrentkenya.com/listings/1-bedroom-apartment-for-sale-kileleshwa-4017108,2026-06-26T20:47:27.445356,15.424948470398377,1.0,Mid,0
Serviced 2 Bed Apartment with En Suite in Kileleshwa,7400000.0,Kileleshwa,2,https://www.buyrentkenya.com/listings/2-bedroom-apartment-for-sale-kileleshwa-4017104,2026-06-26T20:47:27.521192,15.816990558174398,1.0,Mid,0
3 Bed Apartment with En Suite in Lavington,10000000.0,Lavington,3,https://www.buyrentkenya.com/listings/3-bedroom-apartment-for-sale-lavington-4015454,2026-06-26T20:47:58.907268,16.11809565095832,1.5,Mid,0
2 Bed Apartment with En Suite in Lavington,6000000.0,Lavington,2,https://www.buyrentkenya.com/listings/2-bedroom-apartment-for-sale-lavington-4015450,2026-06-26T20:47:58.987529,15.60727002719233,2.0,Mid,0
1 Bed Apartment with En Suite in Lavington,3000000.0,Lavington,1,https://www.buyrentkenya.com/listings/1-bedroom-apartment-for-sale-lavington-4015445,2026-06-26T20:47:59.068544,14.914122846632385,1.0,Mid,0
4 Bed Apartment with En Suite in Kileleshwa,13500000.0,Kileleshwa,4,https://www.buyrentkenya.com/listings/4-bedroom-apartment-for-sale-kileleshwa-4015459,2026-06-26T20:47:59.144463,16.41820024340866,1.0,Mid,0
3 Bed Apartment with En Suite in Kileleshwa,10000000.0,Kileleshwa,3,https://www.buyrentkenya.com/listings/3-bedroom-apartment-for-sale-kileleshwa-4015452,2026-06-26T20:47:59.221687,16.11809565095832,1.5,Mid,0
2 Bed Apartment with En Suite in Kileleshwa,6000000.0,Kileleshwa,2,https://www.buyrentkenya.com/listings/2-bedroom-apartment-for-sale-kileleshwa-4015449,2026-06-26T20:47:59.299270,15.60727002719233,2.0,Mid,0
1 Bed Apartment with En Suite in Kileleshwa,3000000.0,Kileleshwa,1,https://www.buyrentkenya.com/listings/1-bedroom-apartment-for-sale-kileleshwa-4015444,2026-06-26T20:47:59.377491,14.914122846632385,1.0,Mid,0
2 Bed Apartment with En Suite in Kileleshwa,6000000.0,Kileleshwa,2,https://www.buyrentkenya.com/listings/2-bedroom-apartment-for-sale-kileleshwa-4016548,2026-06-26T20:48:29.967940,15.60727002719233,1.0,Mid,0
1 Bed Apartment with En Suite in Kileleshwa,3000000.0,Kileleshwa,1,https://www.buyrentkenya.com/listings/1-bedroom-apartment-for-sale-kileleshwa-4016543,2026-06-26T20:48:30.049333,14.914122846632385,1.0,Mid,0
4 Bed Apartment with En Suite in Lavington,13000000.0,Lavington,4,https://www.buyrentkenya.com/listings/4-bedroom-apartment-for-sale-lavington-4016530,2026-06-26T20:48:30.127610,16.38045991542581,0.8,Mid,0
3 Bed Apartment with En Suite in Lavington,9000000.0,Lavington,3,https://www.buyrentkenya.com/listings/3-bedroom-apartment-for-sale-lavington-4016523,2026-06-26T20:48:30.207352,16.012735135300492,1.0,Mid,0
2 Bed Apartment with En Suite in Lavington,6000000.0,Lavington,2,https://www.buyrentkenya.com/listings/2-bedroom-apartment-for-sale-lavington-4016517,2026-06-26T20:48:30.294412,15.60727002719233,1.0,Mid,0
1 Bed Apartment with En Suite in Lavington,3000000.0,Lavington,1,https://www.buyrentkenya.com/listings/1-bedroom-apartment-for-sale-lavington-4016513,2026-06-26T20:48:30.376666,14.914122846632385,1.0,Mid,0
4 Bed Apartment with En Suite in Kileleshwa,13000000.0,Kileleshwa,4,https://www.buyrentkenya.com/listings/4-bedroom-apartment-for-sale-kileleshwa-4016556,2026-06-26T20:48:30.454776,16.38045991542581,0.8,Mid,0
4 Bed Apartment with En Suite in Westlands Area,17900000.0,Westlands,4,https://www.buyrentkenya.com/listings/4-bedroom-apartment-for-sale-westlands-area-4015211,2026-06-26T20:49:00.236458,16.70031127081098,1.0,Premium,1
3 Bed Apartment with En Suite in Westlands Area,11000000.0,Westlands,3,https://www.buyrentkenya.com/listings/3-bedroom-apartment-for-sale-westlands-area-4016123,2026-06-26T20:49:00.358816,16.213405830762646,1.0,Premium,1
3 Bed Apartment with En Suite in Westlands Area,11000000.0,Westlands,3,https://www.buyrentkenya.com/listings/3-bedroom-apartment-for-sale-westlands-area-4015205,2026-06-26T20:49:00.437359,16.213405830762646,1.0,Premium,1
2 Bed Apartment with En Suite in Westlands Area,7000000.0,Westlands,2,https://www.buyrentkenya.com/listings/2-bedroom-apartment-for-sale-westlands-area-4016122,2026-06-26T20:49:00.513887,15.761420707019589,1.0,Premium,1
1 Bed Apartment with En Suite in Westlands Area,4000000.0,Westlands,1,https://www.buyrentkenya.com/listings/1-bedroom-apartment-for-sale-westlands-area-4016114,2026-06-26T20:49:00.594927,15.201804919084164,1.0,Premium,1
1 Bed Apartment with En Suite in Westlands Area,4000000.0,Westlands,1,https://www.buyrentkenya.com/listings/1-bedroom-apartment-for-sale-westlands-area-4016113,2026-06-26T20:49:00.687100,15.201804919084164,1.0,Premium,1
4 Bed Apartment with En Suite in Westlands Area,18000000.0,Westlands,4,https://www.buyrentkenya.com/listings/4-bedroom-apartment-for-sale-westlands-area-4016948,2026-06-26T20:49:00.769691,16.70588231586044,1.0,Premium,1
4 Bed Apartment with En Suite in Kilimani,13000000.0,Kilimani,4,https://www.buyrentkenya.com/listings/4-bedroom-apartment-for-sale-kilimani-4013254,2026-06-26T20:49:31.638621,16.38045991542581,1.0,Mid,0
4 Bed Apartment with En Suite in Westlands Area,17900000.0,Westlands,4,https://www.buyrentkenya.com/listings/4-bedroom-apartment-for-sale-westlands-area-4013276,2026-06-26T20:49:31.719137,16.70031127081098,1.0,Premium,1
3 Bed Apartment with En Suite in Westlands Area,11000000.0,Westlands,3,https://www.buyrentkenya.com/listings/3-bedroom-apartment-for-sale-westlands-area-4013268,2026-06-26T20:49:31.806828,16.213405830762646,1.0,Premium,1
4 Bed Apartment with En Suite in Westlands Area,18000000.0,Westlands,4,https://www.buyrentkenya.com/listings/4-bedroom-apartment-for-sale-westlands-area-4016984,2026-06-26T20:49:31.887513,16.70588231586044,1.0,Premium,1
4 Bed Apartment with En Suite in Lavington,13500000.0,Lavington,4,https://www.buyrentkenya.com/listings/4-bedroom-apartment-for-sale-lavington-4016983,2026-06-26T20:49:31.972328,16.41820024340866,1.0,Mid,0
4 Bed Apartment with En Suite in Kileleshwa,13500000.0,Kileleshwa,4,https://www.buyrentkenya.com/listings/4-bedroom-apartment-for-sale-kileleshwa-4016982,2026-06-26T20:49:32.050994,16.41820024340866,1.0,Mid,0
2 Bed Apartment with En Suite in Kilimani,6000000.0,Kilimani,2,https://www.buyrentkenya.com/listings/2-bedroom-apartment-for-sale-kilimani-4013240,2026-06-26T20:50:03.403470,15.60727002719233,1.0,Mid,0
1 Bed Apartment with En Suite in Kilimani,3000000.0,Kilimani,1,https://www.buyrentkenya.com/listings/1-bedroom-apartment-for-sale-kilimani-4013235,2026-06-26T20:50:03.485031,14.914122846632385,1.0,Mid,0
1 Bed Apartment with En Suite in Kilimani,3000000.0,Kilimani,1,https://www.buyrentkenya.com/listings/1-bedroom-apartment-for-sale-kilimani-4013232,2026-06-26T20:50:03.561542,14.914122846632385,1.0,Mid,0
2 Bed Apartment with En Suite in Kilimani,6000000.0,Kilimani,2,https://www.buyrentkenya.com/listings/2-bedroom-apartment-for-sale-kilimani-4016969,2026-06-26T20:50:03.638970,15.60727002719233,2.0,Mid,0
1 Bed Apartment with En Suite in Lavington,3000000.0,Lavington,1,https://www.buyrentkenya.com/listings/1-bedroom-apartment-for-sale-lavington-4016966,2026-06-26T20:50:03.727882,14.914122846632385,1.0,Mid,0
1 Bed Apartment with En Suite in Kileleshwa,3000000.0,Kileleshwa,1,https://www.buyrentkenya.com/listings/1-bedroom-apartment-for-sale-kileleshwa-4016964,2026-06-26T20:50:03.848043,14.914122846632385,1.0,Mid,0
1 Bed Apartment with En Suite in Kilimani,3000000.0,Kilimani,1,https://www.buyrentkenya.com/listings/1-bedroom-apartment-for-sale-kilimani-4016963,2026-06-26T20:50:03.930911,14.914122846632385,1.0,Mid,0
4 Bed Apartment with En Suite in Kilimani,13000000.0,Kilimani,4,https://www.buyrentkenya.com/listings/4-bedroom-apartment-for-sale-kilimani-4015647,2026-06-26T20:50:34.657320,16.38045991542581,1.0,Mid,0
4 Bed Apartment with En Suite in Kilimani,13000000.0,Kilimani,4,https://www.buyrentkenya.com/listings/4-bedroom-apartment-for-sale-kilimani-4016109,2026-06-26T20:50:34.738422,16.38045991542581,1.0,Mid,0
4 Bed Apartment with En Suite in Kileleshwa,13000000.0,Kileleshwa,4,https://www.buyrentkenya.com/listings/4-bedroom-apartment-for-sale-kileleshwa-4016428,2026-06-26T20:50:34.816841,16.38045991542581,0.8,Mid,0
4 Bed Apartment with En Suite in Kileleshwa,13000000.0,Kileleshwa,4,https://www.buyrentkenya.com/listings/4-bedroom-apartment-for-sale-kileleshwa-4016222,2026-06-26T20:50:34.895222,16.38045991542581,0.8,Mid,0
1 Bed Apartment with En Suite in Kileleshwa,3000000.0,Kileleshwa,1,https://www.buyrentkenya.com/listings/1-bedroom-apartment-for-sale-kileleshwa-4016214,2026-06-26T20:50:34.974476,14.914122846632385,1.0,Mid,0
1 Bed Apartment with En Suite in Kileleshwa,3000000.0,Kileleshwa,1,https://www.buyrentkenya.com/listings/1-bedroom-apartment-for-sale-kileleshwa-4016419,2026-06-26T20:50:35.053759,14.914122846632385,1.0,Mid,0
4 Bed Apartment with En Suite in Westlands Area,18000000.0,Westlands,4,https://www.buyrentkenya.com/listings/4-bedroom-apartment-for-sale-westlands-area-4016927,2026-06-26T20:50:35.131052,16.70588231586044,1.0,Premium,1
2 Bed Apartment with En Suite in Kilimani,6000000.0,Kilimani,2,https://www.buyrentkenya.com/listings/2-bedroom-apartment-for-sale-kilimani-4015641,2026-06-26T20:51:06.785282,15.60727002719233,1.0,Mid,0
2 Bed Apartment with En Suite in Kilimani,7000000.0,Kilimani,2,https://www.buyrentkenya.com/listings/2-bedroom-apartment-for-sale-kilimani-4015640,2026-06-26T20:51:06.867732,15.761420707019589,1.0,Mid,0
1 Bed Apartment with En Suite in Kilimani,3000000.0,Kilimani,1,https://www.buyrentkenya.com/listings/1-bedroom-apartment-for-sale-kilimani-4015160,2026-06-26T20:51:06.948479,14.914122846632385,1.0,Mid,0
3 Bed Apartment with En Suite in Lavington,10000000.0,Lavington,3,https://www.buyrentkenya.com/listings/3-bedroom-apartment-for-sale-lavington-4016919,2026-06-26T20:51:07.034104,16.11809565095832,1.5,Mid,0
1 Bed Apartment with En Suite in Kilimani,3000000.0,Kilimani,1,https://www.buyrentkenya.com/listings/1-bedroom-apartment-for-sale-kilimani-4015159,2026-06-26T20:51:07.121662,14.914122846632385,1.0,Mid,0
3 Bed Apartment with En Suite in Kileleshwa,10000000.0,Kileleshwa,3,https://www.buyrentkenya.com/listings/3-bedroom-apartment-for-sale-kileleshwa-4016917,2026-06-26T20:51:07.220178,16.11809565095832,1.5,Mid,0
2 Bed Apartment with En Suite at Westlands,14100000.0,Westlands,2,https://www.buyrentkenya.com/listings/2-bedroom-apartment-for-sale-westlands-area-4016928,2026-06-26T20:51:07.308699,16.461685355348397,1.0,Premium,1
3 Bed Apartment with En Suite in Kilimani,9000000.0,Kilimani,3,https://www.buyrentkenya.com/listings/3-bedroom-apartment-for-sale-kilimani-4014391,2026-06-26T20:51:39.431926,16.012735135300492,1.0,Mid,0
4 Bed Apartment with En Suite in Kilimani,13000000.0,Kilimani,4,https://www.buyrentkenya.com/listings/4-bedroom-apartment-for-sale-kilimani-4013252,2026-06-26T20:51:39.518250,16.38045991542581,1.0,Mid,0
4 Bed Apartment with En Suite in Westlands Area,17900000.0,Westlands,4,https://www.buyrentkenya.com/listings/4-bedroom-apartment-for-sale-westlands-area-4014421,2026-06-26T20:51:39.597320,16.70031127081098,1.0,Premium,1
3 Bed Apartment with En Suite in Westlands Area,11000000.0,Westlands,3,https://www.buyrentkenya.com/listings/3-bedroom-apartment-for-sale-westlands-area-4014411,2026-06-26T20:51:39.675258,16.213405830762646,1.0,Premium,1
2 Bed Apartment with En Suite in Westlands Area,7000000.0,Westlands,2,https://www.buyrentkenya.com/listings/2-bedroom-apartment-for-sale-westlands-area-4013263,2026-06-26T20:51:39.753090,15.761420707019589,1.0,Premium,1
2 Bed Apartment with En Suite in Westlands Area,7000000.0,Westlands,2,https://www.buyrentkenya.com/listings/2-bedroom-apartment-for-sale-westlands-area-4014407,2026-06-26T20:51:39.909796,15.761420707019589,1.0,Premium,1
1 Bed Apartment with En Suite in Kileleshwa,3000000.0,Kileleshwa,1,https://www.buyrentkenya.com/listings/1-bedroom-apartment-for-sale-kileleshwa-4016820,2026-06-26T20:52:13.370130,14.914122846632385,1.0,Mid,0
1 Bed Apartment with En Suite in Kilimani,3000000.0,Kilimani,1,https://www.buyrentkenya.com/listings/1-bedroom-apartment-for-sale-kilimani-4016818,2026-06-26T20:52:13.450164,14.914122846632385,1.0,Mid,0
4 Bed Apartment with En Suite in Kilimani,13000000.0,Kilimani,4,https://www.buyrentkenya.com/listings/4-bedroom-apartment-for-sale-kilimani-4015177,2026-06-26T20:52:13.527948,16.38045991542581,1.0,Mid,0
3 Bed Apartment with En Suite in Kilimani,9000000.0,Kilimani,3,https://www.buyrentkenya.com/listings/3-bedroom-apartment-for-sale-kilimani-4015169,2026-06-26T20:52:13.606938,16.012735135300492,1.0,Mid,0
2 Bed Apartment with En Suite in Kilimani,6000000.0,Kilimani,2,https://www.buyrentkenya.com/listings/2-bedroom-apartment-for-sale-kilimani-4015165,2026-06-26T20:52:13.683235,15.60727002719233,1.0,Mid,0
2 Bed Apartment with En Suite in Kilimani,6000000.0,Kilimani,2,https://www.buyrentkenya.com/listings/2-bedroom-apartment-for-sale-kilimani-4015163,2026-06-26T20:52:13.760155,15.60727002719233,1.0,Mid,0
1 Bed Apartment with En Suite in Kilimani,3000000.0,Kilimani,1,https://www.buyrentkenya.com/listings/1-bedroom-apartment-for-sale-kilimani-4016093,2026-06-26T20:52:13.837069,14.914122846632385,1.0,Mid,0
3 Bed Apartment with En Suite in Kileleshwa,9000000.0,Kileleshwa,3,https://www.buyrentkenya.com/listings/3-bedroom-apartment-for-sale-kileleshwa-4016427,2026-06-26T20:52:45.159476,16.012735135300492,1.0,Mid,0
1 Bed Apartment with En Suite in Kileleshwa,3000000.0,Kileleshwa,1,https://www.buyrentkenya.com/listings/1-bedroom-apartment-for-sale-kileleshwa-4016215,2026-06-26T20:52:45.241839,14.914122846632385,1.0,Mid,0
2 Bed Apartment with En Suite in Kileleshwa,6000000.0,Kileleshwa,2,https://www.buyrentkenya.com/listings/2-bedroom-apartment-for-sale-kileleshwa-4016217,2026-06-26T20:52:45.321910,15.60727002719233,1.0,Mid,0
4 Bed Apartment with En Suite in Lavington,13000000.0,Lavington,4,https://www.buyrentkenya.com/listings/4-bedroom-apartment-for-sale-lavington-4016213,2026-06-26T20:52:45.401571,16.38045991542581,0.8,Mid,0
3 Bed Apartment with En Suite in Lavington,9000000.0,Lavington,3,https://www.buyrentkenya.com/listings/3-bedroom-apartment-for-sale-lavington-4016211,2026-06-26T20:52:45.480142,16.012735135300492,1.0,Mid,0
2 Bed Apartment with En Suite in Lavington,6000000.0,Lavington,2,https://www.buyrentkenya.com/listings/2-bedroom-apartment-for-sale-lavington-4016207,2026-06-26T20:52:45.557728,15.60727002719233,1.0,Mid,0
1 Bed Apartment with En Suite in Lavington,3000000.0,Lavington,1,https://www.buyrentkenya.com/listings/1-bedroom-apartment-for-sale-lavington-4016205,2026-06-26T20:52:45.636635,14.914122846632385,1.0,Mid,0
4 Bed Apartment with En Suite in Lavington,13000000.0,Lavington,4,https://www.buyrentkenya.com/listings/4-bedroom-apartment-for-sale-lavington-4016566,2026-06-26T20:53:16.551525,16.38045991542581,0.8,Mid,0
4 Bed Apartment with En Suite in Kileleshwa,13000000.0,Kileleshwa,4,https://www.buyrentkenya.com/listings/4-bedroom-apartment-for-sale-kileleshwa-4016576,2026-06-26T20:53:16.632598,16.38045991542581,0.8,Mid,0
3 Bed Apartment with En Suite in Kileleshwa,9000000.0,Kileleshwa,3,https://www.buyrentkenya.com/listings/3-bedroom-apartment-for-sale-kileleshwa-4016575,2026-06-26T20:53:16.709695,16.012735135300492,1.0,Mid,0
2 Bed Apartment with En Suite in Kileleshwa,6000000.0,Kileleshwa,2,https://www.buyrentkenya.com/listings/2-bedroom-apartment-for-sale-kileleshwa-4016574,2026-06-26T20:53:16.786875,15.60727002719233,1.0,Mid,0
1 Bed Apartment with En Suite in Kileleshwa,3000000.0,Kileleshwa,1,https://www.buyrentkenya.com/listings/1-bedroom-apartment-for-sale-kileleshwa-4016571,2026-06-26T20:53:16.864818,14.914122846632385,1.0,Mid,0
4 Bed Apartment with En Suite in Westlands Area,18000000.0,Westlands,4,https://www.buyrentkenya.com/listings/4-bedroom-apartment-for-sale-westlands-area-4016816,2026-06-26T20:53:16.942342,16.70588231586044,1.0,Premium,1
4 Bed Apartment with En Suite in Lavington,13500000.0,Lavington,4,https://www.buyrentkenya.com/listings/4-bedroom-apartment-for-sale-lavington-4016814,2026-06-26T20:53:17.021735,16.41820024340866,1.0,Mid,0
2 Bed Apartment with En Suite in Westlands Area,7000000.0,Westlands,2,https://www.buyrentkenya.com/listings/2-bedroom-apartment-for-sale-westlands-area-4011810,2026-06-26T20:53:49.805312,15.761420707019589,1.0,Premium,1
3 Bed Apartment with En Suite in Westlands Area,11000000.0,Westlands,3,https://www.buyrentkenya.com/listings/3-bedroom-apartment-for-sale-westlands-area-4013266,2026-06-26T20:53:49.884322,16.213405830762646,1.0,Premium,1
4 Bed Apartment with En Suite in Westlands Area,17900000.0,Westlands,4,https://www.buyrentkenya.com/listings/4-bedroom-apartment-for-sale-westlands-area-4013274,2026-06-26T20:53:49.961241,16.70031127081098,1.0,Premium,1
4 Bed Apartment with En Suite in Kilimani,13000000.0,Kilimani,4,https://www.buyrentkenya.com/listings/4-bedroom-apartment-for-sale-kilimani-4013253,2026-06-26T20:53:50.038146,16.38045991542581,1.0,Mid,0
3 Bed Apartment with En Suite in Kilimani,9000000.0,Kilimani,3,https://www.buyrentkenya.com/listings/3-bedroom-apartment-for-sale-kilimani-4013245,2026-06-26T20:53:50.114778,16.012735135300492,1.0,Mid,0
2 Bed Apartment with En Suite in Kilimani,6000000.0,Kilimani,2,https://www.buyrentkenya.com/listings/2-bedroom-apartment-for-sale-kilimani-4012604,2026-06-26T20:53:50.191755,15.60727002719233,1.0,Mid,0
2 Bed Apartment with En Suite in Kilimani,6000000.0,Kilimani,2,https://www.buyrentkenya.com/listings/2-bedroom-apartment-for-sale-kilimani-4011757,2026-06-26T20:53:50.273134,15.60727002719233,1.0,Mid,0
1 Bed Apartment with En Suite in Kileleshwa,3000000.0,Kileleshwa,1,https://www.buyrentkenya.com/listings/1-bedroom-apartment-for-sale-kileleshwa-4016763,2026-06-26T20:54:23.253611,14.914122846632385,1.0,Mid,0
1 Bed Apartment with En Suite in Lavington,3000000.0,Lavington,1,https://www.buyrentkenya.com/listings/1-bedroom-apartment-for-sale-lavington-4016765,2026-06-26T20:54:23.334270,14.914122846632385,1.0,Mid,0
1 Bed Apartment with En Suite in Kilimani,3000000.0,Kilimani,1,https://www.buyrentkenya.com/listings/1-bedroom-apartment-for-sale-kilimani-4016762,2026-06-26T20:54:23.410493,14.914122846632385,1.0,Mid,0
1 Bed Apartment with En Suite in Lavington,8000000.0,Lavington,1,https://www.buyrentkenya.com/listings/1-bedroom-apartment-for-sale-lavington-4009736,2026-06-26T20:54:23.488214,15.89495209964411,0.5,Mid,0
2 Bed Apartment with En Suite in Lavington,10000000.0,Lavington,2,https://www.buyrentkenya.com/listings/2-bedroom-apartment-for-sale-lavington-4009733,2026-06-26T20:54:23.567121,16.11809565095832,0.6666666666666666,Mid,0
2 Bed Apartment with En Suite in Kileleshwa,8000000.0,Kileleshwa,2,https://www.buyrentkenya.com/listings/2-bedroom-apartment-for-sale-kileleshwa-4009601,2026-06-26T20:54:23.644014,15.89495209964411,0.6666666666666666,Mid,0
3 Bed Apartment with En Suite in Kileleshwa,13000000.0,Kileleshwa,3,https://www.buyrentkenya.com/listings/3-bedroom-apartment-for-sale-kileleshwa-4009599,2026-06-26T20:54:23.721047,16.38045991542581,0.75,Mid,0
4 Bed Apartment with En Suite in Kilimani,13000000.0,Kilimani,4,https://www.buyrentkenya.com/listings/4-bedroom-apartment-for-sale-kilimani-4014397,2026-06-26T20:54:54.922535,16.38045991542581,1.0,Mid,0
1 Bed Apartment with En Suite in Westlands Area,7000000.0,Westlands,1,https://www.buyrentkenya.com/listings/1-bedroom-apartment-for-sale-westlands-area-4009670,2026-06-26T20:54:55.005328,15.761420707019589,0.5,Premium,1
2 Bed Apartment with En Suite in Riverside,12000000.0,Westlands,2,https://www.buyrentkenya.com/listings/2-bedroom-apartment-for-sale-riverside-4009763,2026-06-26T20:54:55.083068,16.300417207752275,0.6666666666666666,Premium,1
3 Bed Apartment with En Suite in Westlands Area,13000000.0,Westlands,3,https://www.buyrentkenya.com/listings/3-bedroom-apartment-for-sale-westlands-area-4015818,2026-06-26T20:54:55.160195,16.38045991542581,0.75,Premium,1
2 Bed Apartment with En Suite in Kilimani,6000000.0,Kilimani,2,https://www.buyrentkenya.com/listings/2-bedroom-apartment-for-sale-kilimani-4014388,2026-06-26T20:54:55.237263,15.60727002719233,1.0,Mid,0
4 Bed Apartment with En Suite in Westlands Area,18000000.0,Westlands,4,https://www.buyrentkenya.com/listings/4-bedroom-apartment-for-sale-westlands-area-4016786,2026-06-26T20:54:55.315767,16.70588231586044,1.0,Premium,1
3 Bed Apartment with En Suite in Kilimani,9000000.0,Kilimani,3,https://www.buyrentkenya.com/listings/3-bedroom-apartment-for-sale-kilimani-4014392,2026-06-26T20:54:55.393571,16.012735135300492,1.0,Mid,0
1 Bed Apartment with En Suite in Westlands Area,4000000.0,Westlands,1,https://www.buyrentkenya.com/listings/1-bedroom-apartment-for-sale-westlands-area-4016757,2026-06-26T20:55:29.876249,15.201804919084164,1.0,Premium,1
2 Bed Apartment with En Suite in Kilimani,6000000.0,Kilimani,2,https://www.buyrentkenya.com/listings/2-bedroom-apartment-for-sale-kilimani-4014387,2026-06-26T20:55:29.979776,15.60727002719233,1.0,Mid,0
2 Bed Apartment with En Suite in Westlands Area,7000000.0,Westlands,2,https://www.buyrentkenya.com/listings/2-bedroom-apartment-for-sale-westlands-area-4014405,2026-06-26T20:55:30.098313,15.761420707019589,1.0,Premium,1
1 Bed Apartment with En Suite in Lavington,3000000.0,Lavington,1,https://www.buyrentkenya.com/listings/1-bedroom-apartment-for-sale-lavington-4016756,2026-06-26T20:55:30.175938,14.914122846632385,1.0,Mid,0
1 Bed Apartment with En Suite in Kileleshwa,3000000.0,Kileleshwa,1,https://www.buyrentkenya.com/listings/1-bedroom-apartment-for-sale-kileleshwa-4016753,2026-06-26T20:55:30.252718,14.914122846632385,1.0,Mid,0
1 Bed Apartment with En Suite in Kilimani,3000000.0,Kilimani,1,https://www.buyrentkenya.com/listings/1-bedroom-apartment-for-sale-kilimani-4016752,2026-06-26T20:55:30.333551,14.914122846632385,1.0,Mid,0
3 Bed Apartment with En Suite in Garden Estate,12500000.0,Other,3,https://www.buyrentkenya.com/listings/3-bedroom-apartment-for-sale-garden-estate-4016730,2026-06-26T20:55:30.413301,16.34123920227253,1.0,Mid,0
3 Bed Apartment with En Suite at Westlands Avenue,33000000.0,Westlands,3,https://www.buyrentkenya.com/listings/3-bedroom-apartment-for-sale-rhapta-road-4016705,2026-06-26T20:56:03.594269,17.312018119430753,1.0,Premium,1
1 Bed Apartment with En Suite in Kilimani,4000000.0,Kilimani,1,https://www.buyrentkenya.com/listings/1-bedroom-apartment-for-sale-kilimani-4016247,2026-06-26T20:56:03.672425,15.201804919084164,1.0,Mid,0
1 Bed Apartment with En Suite in Kilimani,3000000.0,Kilimani,1,https://www.buyrentkenya.com/listings/1-bedroom-apartment-for-sale-kilimani-4013392,2026-06-26T20:56:03.752021,14.914122846632385,1.0,Mid,0
1 Bed Apartment with En Suite in Kilimani,4000000.0,Kilimani,1,https://www.buyrentkenya.com/listings/1-bedroom-apartment-for-sale-kilimani-4013743,2026-06-26T20:56:03.829568,15.201804919084164,1.0,Mid,0
2 Bed Apartment with En Suite in Kilimani,6000000.0,Kilimani,2,https://www.buyrentkenya.com/listings/2-bedroom-apartment-for-sale-kilimani-4016256,2026-06-26T20:56:03.906023,15.60727002719233,1.0,Mid,0
2 Bed Apartment with En Suite in Kilimani,6000000.0,Kilimani,2,https://www.buyrentkenya.com/listings/2-bedroom-apartment-for-sale-kilimani-4013746,2026-06-26T20:56:03.983649,15.60727002719233,1.0,Mid,0
2 Bed Apartment with En Suite in Kilimani,7000000.0,Kilimani,2,https://www.buyrentkenya.com/listings/2-bedroom-apartment-for-sale-kilimani-4012126,2026-06-26T20:56:04.152380,15.761420707019589,1.0,Mid,0
4 Bed Apartment with En Suite in Kilimani,13000000.0,Kilimani,4,https://www.buyrentkenya.com/listings/4-bedroom-apartment-for-sale-kilimani-4014343,2026-06-26T20:56:38.250300,16.38045991542581,1.0,Mid,0
4 Bed Apartment with En Suite in Kilimani,13000000.0,Kilimani,4,https://www.buyrentkenya.com/listings/4-bedroom-apartment-for-sale-kilimani-4014341,2026-06-26T20:56:38.332985,16.38045991542581,1.0,Mid,0
4 Bed Apartment with En Suite in Westlands Area,17900000.0,Westlands,4,https://www.buyrentkenya.com/listings/4-bedroom-apartment-for-sale-westlands-area-4014375,2026-06-26T20:56:38.411067,16.70031127081098,1.0,Premium,1
4 Bed Apartment with En Suite in Westlands Area,17900000.0,Westlands,4,https://www.buyrentkenya.com/listings/4-bedroom-apartment-for-sale-westlands-area-4014374,2026-06-26T20:56:38.488272,16.70031127081098,1.0,Premium,1
4 Bed Apartment with En Suite in Westlands Area,17900000.0,Westlands,4,https://www.buyrentkenya.com/listings/4-bedroom-apartment-for-sale-westlands-area-4014373,2026-06-26T20:56:38.579515,16.70031127081098,1.0,Premium,1
3 Bed Apartment with En Suite in Westlands Area,11000000.0,Westlands,3,https://www.buyrentkenya.com/listings/3-bedroom-apartment-for-sale-westlands-area-4014361,2026-06-26T20:56:38.663923,16.213405830762646,1.0,Premium,1
3 Bed Apartment with En Suite in Westlands Area,11000000.0,Westlands,3,https://www.buyrentkenya.com/listings/3-bedroom-apartment-for-sale-westlands-area-4014353,2026-06-26T20:56:38.742442,16.213405830762646,1.0,Premium,1
1 Bed Apartment with Swimming Pool at Eldama Ravine Rd,8700000.0,Westlands,1,https://www.buyrentkenya.com/listings/1-bedroom-apartment-for-sale-westlands-area-4016671,2026-06-26T20:57:10.922084,15.978833583624812,1.0,Premium,1
1 Bed Apartment with Swimming Pool at Hadheru Road,5500000.0,Lavington,1,https://www.buyrentkenya.com/listings/1-bedroom-apartment-for-sale-lavington-4016607,2026-06-26T20:57:10.999688,15.5202586502027,1.0,Mid,0
3 Bed Apartment with Swimming Pool at Mombasa Rd,13000000.0,Syokimau,3,https://www.buyrentkenya.com/listings/3-bedroom-apartment-for-sale-syokimau-4016604,2026-06-26T20:57:11.077276,16.38045991542581,1.0,Mid,0
2 Bed Apartment with Swimming Pool at Mombasa Rd,8500000.0,Syokimau,2,https://www.buyrentkenya.com/listings/2-bedroom-apartment-for-sale-syokimau-4016603,2026-06-26T20:57:11.154295,15.955576721460544,1.0,Mid,0
1 Bed Apartment with Swimming Pool at Mombasa Rd,6000000.0,Syokimau,1,https://www.buyrentkenya.com/listings/1-bedroom-apartment-for-sale-syokimau-4016601,2026-06-26T20:57:11.231075,15.60727002719233,1.0,Mid,0
3 Bed Apartment with En Suite at Muthithi Road,39000000.0,Westlands,3,https://www.buyrentkenya.com/listings/3-bedroom-apartment-for-sale-westlands-area-4016669,2026-06-26T20:57:11.308459,17.47907220409392,1.0,Premium,1
2 Bed Apartment with En Suite at Mvuli Road,11500000.0,Westlands,2,https://www.buyrentkenya.com/listings/2-bedroom-apartment-for-sale-westlands-area-4016539,2026-06-26T20:57:44.132182,16.25785759333348,1.0,Premium,1
1 Bed Apartment with Swimming Pool at Mvuli Road,6200000.0,Westlands,1,https://www.buyrentkenya.com/listings/1-bedroom-apartment-for-sale-westlands-area-4016534,2026-06-26T20:57:44.213602,15.64005985001532,1.0,Premium,1
2 Bed Apartment with En Suite at Riara Road,14000000.0,Lavington,2,https://www.buyrentkenya.com/listings/2-bedroom-apartment-for-sale-lavington-4016529,2026-06-26T20:57:44.292988,16.454567887579532,1.0,Mid,0
1 Bed Apartment with Swimming Pool at Riara Road,6000000.0,Lavington,1,https://www.buyrentkenya.com/listings/1-bedroom-apartment-for-sale-lavington-4016524,2026-06-26T20:57:44.371283,15.60727002719233,1.0,Mid,0
1 Bed Apartment with Swimming Pool at Vihiga Road,6300000.0,Kileleshwa,1,https://www.buyrentkenya.com/listings/1-bedroom-apartment-for-sale-kileleshwa-4016518,2026-06-26T20:57:44.452645,15.65606019136176,1.0,Mid,0
2 Bed Apartment with En Suite at Vihiga Road,11200000.0,Kileleshwa,2,https://www.buyrentkenya.com/listings/2-bedroom-apartment-for-sale-kileleshwa-4016512,2026-06-26T20:57:44.532047,16.231424336265324,1.0,Mid,0
2 Bed Apartment with En Suite at George Padimore,10000000.0,Kilimani,2,https://www.buyrentkenya.com/listings/2-bedroom-apartment-for-sale-kilimani-4016583,2026-06-26T20:57:44.609135,16.11809565095832,1.0,Mid,0
2 Bed Apartment with En Suite in Kilimani,6000000.0,Kilimani,2,https://www.buyrentkenya.com/listings/2-bedroom-apartment-for-sale-kilimani-4016654,2026-06-26T20:58:20.780143,15.60727002719233,2.0,Mid,0
1 Bed Apartment with En Suite in Lavington,3000000.0,Lavington,1,https://www.buyrentkenya.com/listings/1-bedroom-apartment-for-sale-lavington-4016653,2026-06-26T20:58:20.862457,14.914122846632385,1.0,Mid,0
1 Bed Apartment with En Suite in Kilimani,3000000.0,Kilimani,1,https://www.buyrentkenya.com/listings/1-bedroom-apartment-for-sale-kilimani-4016651,2026-06-26T20:58:20.941010,14.914122846632385,1.0,Mid,0
1 Bed Apartment with En Suite in Kileleshwa,3000000.0,Kileleshwa,1,https://www.buyrentkenya.com/listings/1-bedroom-apartment-for-sale-kileleshwa-4016652,2026-06-26T20:58:21.021184,14.914122846632385,1.0,Mid,0
2 Bed Apartment with En Suite at Mombasa Rd,7400000.0,Syokimau,2,https://www.buyrentkenya.com/listings/2-bedroom-apartment-for-sale-syokimau-4016630,2026-06-26T20:58:21.101887,15.816990558174398,1.0,Mid,0
2 Bed Apartment with En Suite at Hadheru Road,9500000.0,Lavington,2,https://www.buyrentkenya.com/listings/2-bedroom-apartment-for-sale-lavington-4016608,2026-06-26T20:58:21.181568,16.06680235657077,1.0,Mid,0
1 Bed Apartment with Swimming Pool at Lantana Rd,6500000.0,Westlands,1,https://www.buyrentkenya.com/listings/1-bedroom-apartment-for-sale-westlands-area-4016609,2026-06-26T20:58:21.260013,15.687312734865866,1.0,Premium,1
3 Bed Apartment with En Suite in Kileleshwa,10000000.0,Kileleshwa,3,https://www.buyrentkenya.com/listings/3-bedroom-apartment-for-sale-kileleshwa-4016617,2026-06-26T20:58:52.841688,16.11809565095832,1.5,Mid,0
3 Bed Apartment with En Suite in Lavington,10000000.0,Lavington,3,https://www.buyrentkenya.com/listings/3-bedroom-apartment-for-sale-lavington-4016618,2026-06-26T20:58:52.924490,16.11809565095832,1.5,Mid,0
3 Bed Apartment with En Suite in Kilimani,10000000.0,Kilimani,3,https://www.buyrentkenya.com/listings/3-bedroom-apartment-for-sale-kilimani-4016615,2026-06-26T20:58:53.002136,16.11809565095832,1.5,Mid,0
2 Bed Apartment with En Suite in Kileleshwa,6000000.0,Kileleshwa,2,https://www.buyrentkenya.com/listings/2-bedroom-apartment-for-sale-kileleshwa-4016613,2026-06-26T20:58:53.080204,15.60727002719233,2.0,Mid,0
2 Bed Apartment with En Suite in Lavington,6000000.0,Lavington,2,https://www.buyrentkenya.com/listings/2-bedroom-apartment-for-sale-lavington-4016614,2026-06-26T20:58:53.162378,15.60727002719233,2.0,Mid,0
2 Bed Apartment with En Suite in Kilimani,6000000.0,Kilimani,2,https://www.buyrentkenya.com/listings/2-bedroom-apartment-for-sale-kilimani-4016612,2026-06-26T20:58:53.240832,15.60727002719233,2.0,Mid,0
1 Bed Apartment with En Suite in Kileleshwa,3000000.0,Kileleshwa,1,https://www.buyrentkenya.com/listings/1-bedroom-apartment-for-sale-kileleshwa-4016606,2026-06-26T20:58:53.320033,14.914122846632385,1.0,Mid,0
1 Bed Apartment with En Suite in Kilimani,3000000.0,Kilimani,1,https://www.buyrentkenya.com/listings/1-bedroom-apartment-for-sale-kilimani-4016471,2026-06-26T20:59:26.140407,14.914122846632385,1.0,Mid,0
1 Bed Apartment with En Suite in Kilimani,4000000.0,Kilimani,1,https://www.buyrentkenya.com/listings/1-bedroom-apartment-for-sale-kilimani-4016467,2026-06-26T20:59:26.220687,15.201804919084164,1.0,Mid,0
4 Bed Apartment with En Suite in Westlands Area,17900000.0,Westlands,4,https://www.buyrentkenya.com/listings/4-bedroom-apartment-for-sale-westlands-area-4016461,2026-06-26T20:59:26.299061,16.70031127081098,1.0,Premium,1
4 Bed Apartment with En Suite in Westlands Area,17900000.0,Westlands,4,https://www.buyrentkenya.com/listings/4-bedroom-apartment-for-sale-westlands-area-4016458,2026-06-26T20:59:26.376437,16.70031127081098,1.0,Premium,1
3 Bed Apartment with En Suite in Westlands Area,11000000.0,Westlands,3,https://www.buyrentkenya.com/listings/3-bedroom-apartment-for-sale-westlands-area-4016440,2026-06-26T20:59:26.454210,16.213405830762646,1.0,Premium,1
3 Bed Apartment with En Suite in Westlands Area,11000000.0,Westlands,3,https://www.buyrentkenya.com/listings/3-bedroom-apartment-for-sale-westlands-area-4016438,2026-06-26T20:59:26.533444,16.213405830762646,1.0,Premium,1
2 Bed Apartment with En Suite in Westlands Area,7000000.0,Westlands,2,https://www.buyrentkenya.com/listings/2-bedroom-apartment-for-sale-westlands-area-4016437,2026-06-26T20:59:26.612340,15.761420707019589,1.0,Premium,1
2 Bed Apartment with En Suite in Lavington,6000000.0,Lavington,2,https://www.buyrentkenya.com/listings/2-bedroom-apartment-for-sale-lavington-4016399,2026-06-26T20:59:59.717288,15.60727002719233,2.0,Mid,0
2 Bed Apartment with En Suite in Kileleshwa,6000000.0,Kileleshwa,2,https://www.buyrentkenya.com/listings/2-bedroom-apartment-for-sale-kileleshwa-4016398,2026-06-26T20:59:59.806338,15.60727002719233,2.0,Mid,0
2 Bed Apartment with En Suite in Kilimani,6000000.0,Kilimani,2,https://www.buyrentkenya.com/listings/2-bedroom-apartment-for-sale-kilimani-4016397,2026-06-26T20:59:59.884541,15.60727002719233,2.0,Mid,0
1 Bed Apartment with En Suite in Westlands Area,4000000.0,Westlands,1,https://www.buyrentkenya.com/listings/1-bedroom-apartment-for-sale-westlands-area-4016396,2026-06-26T20:59:59.966253,15.201804919084164,1.0,Premium,1
Serviced 2 Bed Apartment with En Suite in Westlands Area,10191000.0,Westlands,2,https://www.buyrentkenya.com/listings/2-bedroom-apartment-for-sale-westlands-area-4016547,2026-06-26T21:00:00.049723,16.137015535810832,1.0,Premium,1
1 Bed Apartment with En Suite in Lavington,3000000.0,Lavington,1,https://www.buyrentkenya.com/listings/1-bedroom-apartment-for-sale-lavington-4016393,2026-06-26T21:00:00.127519,14.914122846632385,1.0,Mid,0
1 Bed Apartment with En Suite in Kileleshwa,3000000.0,Kileleshwa,1,https://www.buyrentkenya.com/listings/1-bedroom-apartment-for-sale-kileleshwa-4016392,2026-06-26T21:00:00.204347,14.914122846632385,1.0,Mid,0
3 Bed Apartment with En Suite in Kileleshwa,9000000.0,Kileleshwa,3,https://www.buyrentkenya.com/listings/3-bedroom-apartment-for-sale-kileleshwa-4016128,2026-06-26T21:00:36.138263,16.012735135300492,1.0,Mid,0
2 Bed Apartment with En Suite in Kileleshwa,7000000.0,Kileleshwa,2,https://www.buyrentkenya.com/listings/2-bedroom-apartment-for-sale-kileleshwa-4016198,2026-06-26T21:00:36.220712,15.761420707019589,1.0,Mid,0
1 Bed Apartment with En Suite in Kileleshwa,3000000.0,Kileleshwa,1,https://www.buyrentkenya.com/listings/1-bedroom-apartment-for-sale-kileleshwa-4016124,2026-06-26T21:00:36.300565,14.914122846632385,1.0,Mid,0
4 Bed Apartment with En Suite in Lavington,20000000.0,Lavington,4,https://www.buyrentkenya.com/listings/4-bedroom-apartment-for-sale-lavington-4016193,2026-06-26T21:00:36.389234,16.811242831518264,0.8,Mid,0
3 Bed Apartment with En Suite in Lavington,9000000.0,Lavington,3,https://www.buyrentkenya.com/listings/3-bedroom-apartment-for-sale-lavington-4016118,2026-06-26T21:00:36.481787,16.012735135300492,1.0,Mid,0
2 Bed Apartment with En Suite in Lavington,6000000.0,Lavington,2,https://www.buyrentkenya.com/listings/2-bedroom-apartment-for-sale-lavington-4016117,2026-06-26T21:00:36.566375,15.60727002719233,1.0,Mid,0
1 Bed Apartment with En Suite in Lavington,3000000.0,Lavington,1,https://www.buyrentkenya.com/listings/1-bedroom-apartment-for-sale-lavington-4015176,2026-06-26T21:00:36.646452,14.914122846632385,1.0,Mid,0
